Time (ns),1#PRO,2#GLN,3#ILE,4#THR,5#LEU,6#TRP,7#GLN,8#ARG,9#PRO,10#LEU,11#VAL,12#THR,13#ILE,14#LYS,15#ILE,16#GLY,17#GLY,18#GLN,19#LEU,20#LYS,21#GLU,22#ALA,23#LEU,24#LEU,25#ASH,26#THR,27#GLY,28#ALA,29#ASP,30#ASP,31#THR,32#VAL,33#LEU,34#GLU,35#GLU,36#MET,37#SER,38#LEU,39#PRO,40#GLY,41#ARG,42#TRP,43#LYS,44#PRO,45#LYS,46#MET,47#ILE,48#GLY,49#GLY,50#ILE,51#GLY,52#GLY,53#PHE,54#ILE,55#LYS,56#VAL,57#ARG,58#GLN,59#TYR,60#ASP,61#GLN,62#ILE,63#LEU,64#ILE,65#GLU,66#ILE,67#CYS,68#GLY,69#HIS,70#LYS,71#ALA,72#ILE,73#GLY,74#THR,75#VAL,76#LEU,77#VAL,78#GLY,79#PRO,80#THR,81#PRO,82#VAL,83#ASN,84#ILE,85#ILE,86#GLY,87#ARG,88#ASN,89#LEU,90#LEU,91#THR,92#GLN,93#ILE,94#GLY,95#CYS,96#THR,97#LEU,98#ASN,99#PHE,101#PRO,102#GLN,103#ILE,104#THR,105#LEU,106#TRP,107#GLN,108#ARG,109#PRO,110#LEU,111#VAL,112#THR,113#ILE,114#LYS,115#ILE,116#GLY,117#GLY,118#GLN,119#LEU,120#LYS,121#GLU,122#ALA,123#LEU,124#LEU,125#ASP,126#THR,127#GLY,128#ALA,129#ASP,130#ASP,131#THR,132#VAL,133#LEU,134#GLU,135#GLU,136#MET,137#SER,138#LEU,139#PRO,140#GLY,141#ARG,142#TRP,143#LYS,144#PRO,145#LYS,146#MET,147#ILE,148#GLY,149#GLY,150#ILE,151#GLY,152#GLY,153#PHE,154#ILE,155#LYS,156#VAL,157#ARG,158#GLN,159#TYR,160#ASP,161#GLN,162#ILE,163#LEU,164#ILE,165#GLU,166#ILE,167#CYS,168#GLY,169#HIS,170#LYS,171#ALA,172#ILE,173#GLY,174#THR,175#VAL,176#LEU,177#VAL,178#GLY,179#PRO,180#THR,181#PRO,182#VAL,183#ASN,184#ILE,185#ILE,186#GLY,187#ARG,188#ASN,189#LEU,190#LEU,191#THR,192#GLN,193#ILE,194#GLY,195#CYS,196#THR,197#LEU,198#ASN,199#PHE,200#BEC
0,0.000,0.000,0.000,0.000,0.000,0.000,0.000,-0.960,0.000,0.000,0.000,0.000,0.000,0.000,0.000,0.000,0.000,0.000,0.000,0.000,0.000,0.000,-0.164,0.000,-0.353,0.000,-0.597,-0.672,-0.565,-0.286,0.000,-0.099,0.000,0.000,0.000,0.000,0.000,0.000,0.000,0.000,0.000,0.000,0.000,0.000,0.000,0.000,-0.318,-0.998,-0.568,-0.944,0.000,0.000,0.000,0.000,0.000,0.000,0.000,0.000,0.000,0.000,0.000,0.000,0.000,0.000,0.000,0.000,0.000,0.000,0.000,0.000,0.000,0.000,0.000,0.000,0.000,0.000,0.000,0.000,0.000,0.000,-0.179,-0.506,0.000,-0.221,0.000,0.000,0.000,0.000,0.000,0.000,0.000,0.000,0.000,0.000,0.000,0.000,0.000,0.000,0.000,0.000,0.000,0.000,0.000,0.000,0.000,0.000,-0.685,0.000,0.000,0.000,0.000,0.000,0.000,0.000,0.000,0.000,0.000,0.000,0.000,0.000,0.000,-0.106,0.000,-0.259,0.000,-0.814,-0.521,-0.753,-0.235,0.000,-0.144,0.000,0.000,0.000,0.000,0.000,0.000,0.000,0.000,0.000,0.000,0.000,0.000,0.000,0.000,-0.698,-0.781,-0.427,-1.110,0.000,0.000,0.000,0.000,0.000,0.000,0.000,0.000,0.000,0.000,0.000,0.000,0.000,0.000,0.000,0.000,0.000,0.000,0.000,0.000,0.000,0.000,0.000,0.000,0.000,-0.017,0.000,0.000,0.000,0.000,-0.364,-0.446,0.000,-0.279,0.000,0.000,0.000,0.000,0.000,0.000,0.000,0.000,0.000,0.000,0.000,0.000,0.000,0.000,0.000,-25.988
1,0.000,0.000,0.000,0.000,0.000,0.000,0.000,-1.033,0.000,0.000,0.000,0.000,0.000,0.000,0.000,0.000,0.000,0.000,0.000,0.000,0.000,0.000,-0.199,0.000,-0.395,0.000,-1.005,-0.568,-0.483,-0.074,0.000,-0.172,0.000,0.000,0.000,0.000,0.000,0.000,0.000,0.000,0.000,0.000,0.000,0.000,0.000,0.000,-0.732,-0.627,-0.414,-0.744,0.000,-0.008,0.000,-0.153,0.000,0.000,0.000,0.000,0.000,0.000,0.000,0.000,0.000,0.000,0.000,0.000,0.000,0.000,0.000,0.000,0.000,0.000,0.000,0.000,0.000,0.000,0.000,0.000,0.000,0.000,-0.661,-0.302,0.000,-0.320,0.000,0.000,0.000,0.000,0.000,0.000,0.000,0.000,0.000,0.000,0.000,0.000,0.000,0.000,0.000,0.000,0.000,0.000,0.000,0.000,0.000,0.000,-0.619,0.000,0.000,0.000,0.000,0.000,0.000,0.000,0.000,0.000,0.000,0.000,0.000,0.000,0.000,-0.096,0.000,-0.274,0.000,-0.658,-0.532,-0.768,-0.192,0.000,-0.034,0.000,0.000,0.000,0.000,0.000,0.000,0.000,0.000,0.000,0.000,0.000,0.000,0.000,0.000,-0.723,-0.657,-0.483,-1.534,0.000,0.000,0.000,0.000,0.000,0.000,0.000,0.000,0.000,0.000,0.000,0.000,0.000,0.000,0.000,0.000,0.000,0.000,0.000,0.000,0.000,0.000,0.000,0.000,0.000,0.000,0.000,0.000,0.000,0.000,-0.258,-0.469,0.000,-0.092,0.000,0.000,0.000,0.000,0.000,0.000,0.000,0.000,0.000,0.000,0.000,0.000,0.000,0.000,0.000,-25.480
2,0.000,0.000,0.000,0.000,0.000,0.000,0.000,-0.785,0.000,0.000,0.000,0.000,0.000,0.000,0.000,0.000,0.000,0.000,0.000,0.000,0.000,0.000,-0.111,0.000,-0.250,0.000,-0.658,-0.786,-0.601,-0.102,0.000,-0.124,0.000,0.000,0.000,0.000,0.000,0.000,0.000,0.000,0.000,0.000,0.000,0.000,0.000,0.000,-0.914,-0.609,-0.727,-0.910,0.000,0.000,0.000,-0.160,0.000,0.000,0.000,0.000,0.000,0.000,0.000,0.000,0.000,0.000,0.000,0.000,0.000,0.000,0.000,0.000,0.000,0.000,0.000,0.000,0.000,0.000,0.000,0.000,0.000,0.000,-0.374,-0.192,0.000,-0.210,0.000,0.000,0.000,0.000,0.000,0.000,0.000,0.000,0.000,0.000,0.000,0.000,0.000,0.000,0.000,0.000,0.000,0.000,0.000,0.000,0.000,0.000,-0.812,0.000,0.000,0.000,0.000,0.000,0.000,0.000,0.000,0.000,0.000,0.000,0.000,0.000,0.000,-0.228,0.000,-0.289,0.000,-0.741,-0.465,-0.579,-0.227,0.000,-0.119,0.000,0.000,0.000,0.000,0.000,0.000,0.000,0.000,0.000,0.000,0.000,0.000,0.000,0.000,-0.493,-0.624,-0.631,-1.317,0.000,0.000,0.000,0.000,0.000,0.000,0.000,0.000,0.000,0.000,0.000,0.000,0.000,0.000,0.000,0.000,0.000,0.000,0.000,0.000,0.000,0.000,0.000,0.000,0.000,0.000,0.000,0.000,0.000,0.000,-0.287,-0.505,0.000,-0.193,0.000,0.000,0.000,0.000,0.000,0.000,0.000,0.000,0.000,0.000,0.000,0.000,0.000,0.000,0.000,-26.259
3,0.000,0.000,0.000,0.000,0.000,0.000,0.000,-0.682,0.000,0.000,0.000,0.000,0.000,0.000,0.000,0.000,0.000,0.000,0.000,0.000,0.000,0.000,-0.099,0.000,-0.305,0.000,-0.580,-0.445,-0.587,-0.380,0.000,-0.100,0.000,0.000,0.000,0.000,0.000,0.000,0.000,0.000,0.000,0.000,0.000,0.000,0.000,0.000,-0.491,-0.963,-0.546,-0.859,0.000,0.000,0.000,0.000,0.000,0.000,0.000,0.000,0.000,0.000,0.000,0.000,0.000,0.000,0.000,0.000,0.000,0.000,0.000,0.000,0.000,0.000,0.000,0.000,0.000,0.000,0.000,0.000,0.000,0.000,-0.182,-0.598,0.000,-0.261,0.000,0.000,0.000,0.000,0.000,0.000,0.000,0.000,0.000,0.000,0.000,0.000,0.000,0.000,0.000,0.000,0.000,0.000,0.000,0.000,0.000,0.000,-0.765,0.000,0.000,0.000,0.000,0.000,0.000,0.000,0.000,0.000,0.000,0.000,0.000,0.000,0.000,-0.238,0.000,-0.265,0.000,-0.687,-0.491,-0.507,-0.097,0.000,-0.027,0.000,0.000,0.000,0.000,0.000,0.000,0.000,0.000,0.000,0.000,0.000,0.000,0.000,0.000,-0.491,-0.750,-0.212,-0.987,0.000,0.000,0.000,0.000,0.000,0.000,0.000,0.000,0.000,0.000,0.000,0.000,0.000,0.000,0.000,0.000,0.000,0.000,0.000,0.000,0.000,0.000,0.000,0.000,0.000,0.000,0.000,0.000,0.000,0.000,-0.143,-0.621,0.000,-0.047,0.000,0.000,0.000,0.000,0.000,0.000,0.000,0.000,0.000,0.000,0.000,0.000,0.000,0.000,0.000,-26.283
4,0.000,0.000,0.000,0.000,0.000,0.000,0.000,-0.703,0.000,0.000,0.000,0.000,0.000,0.000,0.000,0.000,0.000,0.000,0.000,0.000,0.000,0.000,-0.062,0.000,-0.189,0.000,-0.837,-0.456,-0.500,-0.261,0.000,-0.172,0.000,0.000,0.000,0.000,0.000,0.000,0.000,0.000,0.000,0.000,0.000,0.000,0.000,0.000,-0.625,-0.880,-0.534,-0.841,0.000,0.000,0.000,0.000,0.000,0.000,0.000,0.000,0.000,0.000,0.000,0.000,0.000,0.000,0.000,0.000,0.000,0.000,0.000,0.000,0.000,0.000,0.000,0.000,0.000,0.000,0.000,0.000,0.000,0.000,-0.321,-0.516,0.000,-0.359,0.000,0.000,0.000,0.000,0.000,0.000,0.000,0.000,0.000,0.000,0.000,0.000,0.000,0.000,0.000,0.000,0.000,0.000,0.000,0.000,0.000,0.000,-0.738,0.000,0.000,0.000,0.000,0.000,0.000,0.000,0.000,0.000,0.000,0.000,0.000,0.000,0.000,-0.208,0.000,-0.295,0.000,-0.763,-0.523,-0.751,-0.188,0.000,-0.017,0.000,0.000,0.000,0.000,0.000,0.000,0.000,0.000,0.000,0.000,0.000,0.000,0.000,0.000,-0.727,-0.858,-0.194,-1.028,0.000,0.000,0.000,0.000,0.000,0.000,0.000,0.000,0.000,0.000,0.000,0.000,0.000,0.000,0.000,0.000,0.000,0.000,0.000,0.000,0.000,0.000,0.000,0.000,0.000,0.000,0.000,0.000,0.000,0.000,-0.153,-0.595,0.000,-0.055,0.000,0.000,0.000,0.000,0.000,0.000,0.000,0.000,0.000,0.000,0.000,0.000,0.000,0.000,0.000,-25.063
5,0.000,0.000,0.000,0.000,0.000,0.000,0.000,-0.765,0.000,0.000,0.000,0.000,0.000,0.000,0.000,0.000,0.000,0.000,0.000,0.000,0.000,0.000,-0.121,0.000,-0.373,0.000,-0.719,-0.545,-1.029,-0.114,0.000,-0.092,0.000,0.000,0.000,0.000,0.000,0.000,0.000,0.000,0.000,0.000,0.000,0.000,0.000,0.000,-0.870,-0.914,-0.456,-0.789,0.000,0.000,0.000,0.000,0.000,0.000,0.000,0.000,0.000,0.000,0.000,0.000,0.000,0.000,0.000,0.000,0.000,0.000,0.000,0.000,0.000,0.000,0.000,0.000,0.000,0.000,0.000,0.000,0.000,0.000,-0.318,-0.685,0.000,-0.162,0.000,0.000,0.000,0.000,0.000,0.000,0.000,0.000,0.000,0.000,0.000,0.000,0.000,0.000,0.000,0.000,0.000,0.000,0.000,0.000,0.000,0.000,-0.065,0.000,0.000,0.000,0.000,0.000,0.000,0.000,0.000,0.000,0.000,0.000,0.000,0.000,0.000,-0.143,0.000,-0.304,0.000,-0.726,-0.603,-0.801,-0.163,0.000,-0.096,0.000,0.000,0.000,0.000,0.000,0.000,0.000,0.000,0.000,0.000,0.000,0.000,0.000,0.000,-0.759,-0.868,-0.350,-1.264,0.000,0.000,0.000,0.000,0.000,0.000,0.000,0.000,0.000,0.000,0.000,0.000,0.000,0.000,0.000,0.000,0.000,0.000,0.000,0.000,0.000,0.000,0.000,0.000,0.000,-0.009,0.000,0.000,0.000,0.000,-0.366,-0.583,0.000,-0.133,0.000,0.000,0.000,0.000,0.000,0.000,0.000,0.000,0.000,0.000,0.000,0.000,0.000,0.000,0.000,-25.752
6,0.000,0.000,0.000,0.000,0.000,0.000,0.000,-0.729,0.000,0.000,0.000,0.000,0.000,0.000,0.000,0.000,0.000,0.000,0.000,0.000,0.000,0.000,-0.041,0.000,-0.303,0.000,-0.882,-0.588,-0.582,-0.085,0.000,-0.151,0.000,0.000,0.000,0.000,0.000,0.000,0.000,0.000,0.000,0.000,0.000,0.000,0.000,0.000,-0.528,-0.733,-0.478,-0.787,0.000,0.000,0.000,0.000,0.000,0.000,0.000,0.000,0.000,0.000,0.000,0.000,0.000,0.000,0.000,0.000,0.000,0.000,0.000,0.000,0.000,0.000,0.000,0.000,0.000,0.000,0.000,0.000,0.000,0.000,-0.430,-0.375,0.000,-0.422,0.000,0.000,0.000,0.000,0.000,0.000,0.000,0.000,0.000,0.000,0.000,0.000,0.000,0.000,0.000,0.000,0.000,0.000,0.000,0.000,0.000,0.000,-0.867,0.000,0.000,0.000,0.000,0.000,0.000,0.000,0.000,0.000,0.000,0.000,0.000,0.000,0.000,-0.112,0.000,-0.363,0.000,-0.798,-0.463,-0.633,-0.122,0.000,-0.082,0.000,0.000,0.000,0.000,0.000,0.000,0.000,0.000,0.000,0.000,0.000,0.000,0.000,0.000,-0.446,-0.886,-0.354,-1.037,0.000,0.000,0.000,0.000,0.000,0.000,0.000,0.000,0.000,0.000,0.000,0.000,0.000,0.000,0.000,0.000,0.000,0.000,0.000,0.000,0.000,0.000,0.000,0.000,0.000,0.000,0.000,0.000,0.000,0.000,-0.266,-0.555,0.000,-0.046,0.000,0.000,0.000,0.000,0.000,0.000,0.000,0.000,0.000,0.000,0.000,0.000,0.000,0.000,0.000,-25.101
7,0.000,0.000,0.000,0.000,0.000,0.000,0.000,-0.632,0.000,0.000,0.000,0.000,0.000,0.000,0.000,0.000,0.000,0.000,0.000,0.000,0.000,0.000,-0.099,0.000,-0.264,0.000,-1.057,-0.610,-0.585,-0.040,0.000,-0.014,0.000,0.000,0.000,0.000,0.000,0.000,0.000,0.000,0.000,0.000,0.000,0.000,0.000,0.000,-0.704,-0.790,-0.381,-0.843,0.000,0.000,0.000,-0.014,0.000,0.000,0.000,0.000,0.000,0.000,0.000,0.000,0.000,0.000,0.000,0.000,0.000,0.000,0.000,0.000,0.000,0.000,0.000,0.000,0.000,0.000,0.000,0.000,0.000,0.000,-0.440,-0.297,0.000,-0.143,0.000,0.000,0.000,0.000,0.000,0.000,0.000,0.000,0.000,0.000,0.000,0.000,0.000,0.000,0.000,0.000,0.000,0.000,0.000,0.000,0.000,0.000,-0.947,0.000,0.000,0.000,0.000,0.000,0.000,0.000,0.000,0.000,0.000,0.000,0.000,0.000,0.000,-0.140,0.000,-0.257,0.000,-0.761,-0.573,-0.590,-0.190,0.000,-0.072,0.000,0.000,0.000,0.000,0.000,0.000,0.000,0.000,0.000,0.000,0.000,0.000,0.000,0.000,-0.533,-0.903,-0.228,-1.091,0.000,0.000,0.000,0.000,0.000,0.000,0.000,0.000,0.000,0.000,0.000,0.000,0.000,0.000,0.000,0.000,0.000,0.000,0.000,0.000,0.000,0.000,0.000,0.000,0.000,0.000,0.000,0.000,0.000,0.000,-0.344,-0.406,0.000,-0.049,0.000,0.000,0.000,0.000,0.000,0.000,0.000,0.000,0.000,0.000,0.000,0.000,0.000,0.000,0.000,-26.286
8,0.000,0.000,0.000,0.000,0.000,0.000,0.000,-0.932,0.000,0.000,0.000,0.000,0.000,0.000,0.000,0.000,0.000,0.000,0.000,0.000,0.000,0.000,-0.166,0.000,-0.276,0.000,-0.800,-0.441,-0.708,-0.100,0.000,-0.100,0.000,0.000,0.000,0.000,0.000,0.000,0.000,0.000,0.000,0.000,0.000,0.000,0.000,0.000,-0.712,-0.728,-0.609,-0.960,0.000,0.000,0.000,-0.072,0.000,0.000,0.000,0.000,0.000,0.000,0.000,0.000,0.000,0.000,0.000,0.000,0.000,0.000,0.000,0.000,0.000,0.000,0.000,0.000,0.000,0.000,0.000,0.000,0.000,0.000,-0.669,-0.301,0.000,-0.308,0.000,0.000,0.000,0.000,0.000,0.000,0.000,0.000,0.000,0.000,0.000,0.000,0.000,0.000,0.000,0.000,0.000,0.000,0.000,0.000,0.000,0.000,-0.674,0.000,0.000,0.000,0.000,0.000,0.000,0.000,0.000,0.000,0.000,0.000,0.000,0.000,0.000,-0.151,0.000,-0.211,0.000,-0.885,-0.331,-0.507,-0.328,0.000,-0.077,0.000,0.000,0.000,0.000,0.000,0.000,0.000,0.000,0.000,0.000,0.000,0.000,0.000,0.000,-0.484,-0.215,-0.614,-1.207,0.000,0.000,0.000,0.000,0.000,0.000,0.000,0.000,0.000,0.000,0.000,0.000,0.000,0.000,0.000,0.000,0.000,0.000,0.000,0.000,0.000,0.000,0.000,0.000,0.000,-0.004,0.000,0.000,0.000,0.000,-0.216,-0.512,0.000,-0.072,0.000,0.000,0.000,0.000,0.000,0.000,0.000,0.000,0.000,0.000,0.000,0.000,0.000,0.000,0.000,-24.860
9,0.000,0.000,0.000,0.000,0.000,0.000,0.000,-0.590,0.000,0.000,0.000,0.000,0.000,0.000,0.000,0.000,0.000,0.000,0.000,0.000,0.000,0.000,-0.301,0.000,-0.354,0.000,-0.828,-0.592,-0.565,-0.028,0.000,-0.044,0.000,0.000,0.000,0.000,0.000,0.000,0.000,0.000,0.000,0.000,0.000,0.000,0.000,0.000,-0.827,-0.837,-0.468,-1.005,0.000,0.000,0.000,-0.005,0.000,0.000,0.000,0.000,0.000,0.000,0.000,0.000,0.000,0.000,0.000,0.000,0.000,0.000,0.000,0.000,0.000,0.000,0.000,0.000,0.000,0.000,0.000,0.000,0.000,0.000,-0.368,-0.288,0.000,-0.188,0.000,0.000,0.000,0.000,0.000,0.000,0.000,0.000,0.000,0.000,0.000,0.000,0.000,0.000,0.000,0.000,0.000,0.000,0.000,0.000,0.000,0.000,-0.748,0.000,0.000,0.000,0.000,0.000,0.000,0.000,0.000,0.000,0.000,0.000,0.000,0.000,0.000,-0.161,0.000,-0.268,0.000,-0.778,-0.393,-0.929,-0.266,0.000,-0.073,0.000,0.000,0.000,0.000,0.000,0.000,0.000,0.000,0.000,0.000,0.000,0.000,0.000,0.000,-0.648,-0.549,-0.679,-1.097,0.000,0.000,0.000,0.000,0.000,0.000,0.000,0.000,0.000,0.000,0.000,0.000,0.000,0.000,0.000,0.000,0.000,0.000,0.000,0.000,0.000,0.000,0.000,0.000,0.000,0.000,0.000,0.000,0.000,0.000,-0.297,-0.429,0.000,-0.090,0.000,0.000,0.000,0.000,0.000,0.000,0.000,0.000,0.000,0.000,0.000,0.000,0.000,0.000,0.000,-25.676
10,0.000,0.000,0.000,0.000,0.000,0.000,0.000,-0.840,0.000,0.000,0.000,0.000,0.000,0.000,0.000,0.000,0.000,0.000,0.000,0.000,0.000,0.000,-0.225,0.000,-0.329,0.000,-0.800,-0.494,-0.638,-0.248,0.000,-0.092,0.000,0.000,0.000,0.000,0.000,0.000,0.000,0.000,0.000,0.000,0.000,0.000,0.000,0.000,-0.793,-0.841,-0.354,-1.074,0.000,0.000,0.000,0.000,0.000,0.000,0.000,0.000,0.000,0.000,0.000,0.000,0.000,0.000,0.000,0.000,0.000,0.000,0.000,0.000,0.000,0.000,0.000,0.000,0.000,0.000,0.000,0.000,0.000,0.000,-0.511,-0.509,0.000,-0.334,0.000,0.000,0.000,0.000,0.000,0.000,0.000,0.000,0.000,0.000,0.000,0.000,0.000,0.000,0.000,0.000,0.000,0.000,0.000,0.000,0.000,0.000,-0.604,0.000,0.000,0.000,0.000,0.000,0.000,0.000,0.000,0.000,0.000,0.000,0.000,0.000,0.000,-0.103,0.000,-0.221,0.000,-0.831,-0.344,-0.866,-0.304,0.000,-0.180,0.000,0.000,0.000,0.000,0.000,0.000,0.000,0.000,0.000,0.000,0.000,0.000,0.000,0.000,-0.346,-0.469,-0.720,-1.079,0.000,0.000,0.000,0.000,0.000,0.000,0.000,0.000,0.000,0.000,0.000,0.000,0.000,0.000,0.000,0.000,0.000,0.000,0.000,0.000,0.000,0.000,0.000,0.000,0.000,-0.097,0.000,0.000,0.000,0.000,-0.305,-0.377,0.000,-0.136,0.000,0.000,0.000,0.000,0.000,0.000,0.000,0.000,0.000,0.000,0.000,0.000,0.000,0.000,0.000,-25.196
